{
  "sentiment_positive": {
    "self_attention_avg": 0.27453911304473877,
    "local_attention_avg": 0.11917266249656677,
    "first_token_attention": 0.27453088760375977,
    "attention_entropy": 1.5911189317703247
  },
  "sentiment_negative": {
    "self_attention_avg": 0.27453434467315674,
    "local_attention_avg": 0.11917369812726974,
    "first_token_attention": 0.2745473086833954,
    "attention_entropy": 1.5911189317703247
  },
  "entity": {
    "self_attention_avg": 0.2585955560207367,
    "local_attention_avg": 0.112214595079422,
    "first_token_attention": 0.2586022913455963,
    "attention_entropy": 1.6656012535095215
  },
  "math": {
    "self_attention_avg": 0.20232875645160675,
    "local_attention_avg": 0.0880836769938469,
    "first_token_attention": 0.2023167908191681,
    "attention_entropy": 1.9708867073059082
  }
}