stage,perplexity,loss,gsm8k_em,gsm8k_em_verifier,num_params
base,12157.646548191282,9.405713596343993,0.0,0.0,15498752
sft,11845.200397650093,9.37967803478241,0.0,0.0,15498752
dpo,11821.257317759937,9.377654657363891,0.0,0.0,15498752
