{
  "base": {
    "stage": "base",
    "perplexity": 11779.378216540326,
    "loss": 9.374105672836304,
    "gsm8k_em": 0.0,
    "gsm8k_em_verifier": 0.0,
    "num_params": 15498752
  },
  "sft": {
    "stage": "sft",
    "perplexity": 11473.623620076829,
    "loss": 9.34780608177185,
    "gsm8k_em": 0.0,
    "gsm8k_em_verifier": 0.0,
    "num_params": 15498752
  },
  "dpo": {
    "stage": "dpo",
    "perplexity": 11459.974362921104,
    "loss": 9.346615753173829,
    "gsm8k_em": 0.0,
    "gsm8k_em_verifier": 0.0,
    "num_params": 15498752
  },
  "verifier_accuracy": 0.0
}