{
  "base": {
    "stage": "base",
    "perplexity": 2900.55434865172,
    "loss": 7.972657152414322,
    "gsm8k_em": 0.0,
    "gsm8k_em_verifier": 0.0,
    "num_params": 252925952
  },
  "sft": {
    "stage": "sft",
    "perplexity": 1745.7237036249282,
    "loss": 7.464924478530884,
    "gsm8k_em": 0.0,
    "gsm8k_em_verifier": 0.0,
    "num_params": 252925952
  },
  "dpo": {
    "stage": "dpo",
    "perplexity": 1731.3209548586578,
    "loss": 7.4566399538517,
    "gsm8k_em": 0.0,
    "gsm8k_em_verifier": 0.0,
    "num_params": 252925952
  },
  "verifier_accuracy": 0.0
}