checkpoint,rouge1,rouge2,rougeL
t5-dialogsum-lora-main_final.pt,0.392459516289705,0.13476536347469145,0.315373723999437
